{"cameraMode":{"drawMode":0,"name":"Shaded","section":"Shading Mode"},"sceneLighting":true,"audioPlay":false,"sceneViewState":{"showFog":true,"showMaterialUpdate":false,"showSkybox":true,"showFlares":true,"showImageEffects":true,"showParticleSystems":true},"in2DMode":false,"pivot":{"x":0.9785001873970032,"y":3.3998687267303469,"z":-8.174108505249024},"rotation":{"x":-0.30153778195381167,"y":-0.005151198711246252,"z":0.0016291330102831126,"w":-0.953438937664032},"size":6.332699775695801,"orthographic":false}